{
  "version": "2022.2",
  "applications": [],
  "platforms": [
    {
      "name": "aes_wrapper"
    }
  ],
  "systems": [
    {
      "name": "AES_Project_system",
      "platform": "/home/gianluca/workspace/aes_wrapper/export/aes_wrapper/aes_wrapper.xpfm",
      "sysConfig": "aes_wrapper",
      "buildConfig": "Debug",
      "applications": [
        {
          "name": "AES_Project",
          "platform": "/home/gianluca/workspace/aes_wrapper/export/aes_wrapper/aes_wrapper.xpfm",
          "platformPath": "/home/gianluca/workspace/aes_wrapper/export/aes_wrapper",
          "sysConfig": "aes_wrapper",
          "domain": "standalone_ps7_cortexa9_0",
          "system": "AES_Project_system"
        }
      ],
      "platformPath": "/home/gianluca/workspace/aes_wrapper/export/aes_wrapper"
    }
  ],
  "others": []
}